"","year","quarter","GEOID","N_housing"
"1",2010,4,"06075060100",8
"2",2010,4,"06075030301",2
"3",2010,4,"06075030800",1
"4",2010,4,"06075061500",2
"5",2010,4,"06075017802",1
"6",2010,4,"06075015300",1
"7",2010,4,"06075021500",1
"8",2010,4,"06075022803",1
"9",2010,4,"06075021800",1
"10",2010,4,"06075021300",1
"11",2010,4,"06075017801",1
"12",2010,4,"06075012100",1
"13",2010,4,"06075010300",1
"14",2010,4,"06075021100",1
"15",2010,4,"06075020500",1
"16",2010,4,"06075047701",1
"17",2010,4,"06075025701",1
"18",2010,4,"06075042601",1
"19",2010,4,"06075015600",1
"20",2010,4,"06075030400",1
"21",2010,4,"06075016802",1
"22",2010,4,"06075013000",1
"23",2010,4,"06075017000",1
"24",2010,4,"06075020402",1
"25",2010,4,"06075021000",1
"26",2010,4,"06075015801",1
"27",2010,4,"06075023300",2
"28",2010,4,"06075012800",1
"29",2010,4,"06075031400",1
"30",2010,4,"06075022704",1
"31",2010,4,"06075010200",1
"32",2010,3,"06075020500",1
"33",2010,3,"06075021100",1
"34",2010,3,"06075025200",1
"35",2010,3,"06075022704",2
"36",2010,3,"06075047701",1
"37",2010,3,"06075017802",1
"38",2010,3,"06075012902",1
"39",2010,3,"06075023300",2
"40",2010,3,"06075035100",1
"41",2010,3,"06075031400",1
"42",2010,3,"06075020900",1
"43",2010,3,"06075016000",1
"44",2010,3,"06075061500",1
"45",2010,3,"06075060502",1
"46",2010,3,"06075015300",1
"47",2010,3,"06075061000",3
"48",2010,3,"06075012501",1
"49",2010,3,"06075012800",1
"50",2010,3,"06075025702",1
"51",2010,3,"06075030301",1
"52",2010,3,"06075025401",1
"53",2010,3,"06075017801",1
"54",2010,3,"06075021200",2
"55",2010,3,"06075020401",1
"56",2010,3,"06075042601",1
"57",2010,3,"06075021500",1
"58",2010,3,"06075031201",1
"59",2010,3,"06075010600",1
"60",2010,3,"06075020100",1
"61",2010,3,"06075020700",1
"62",2010,3,"06075047802",1
"63",2010,3,"06075026001",1
"64",2010,3,"06075017601",1
"65",2010,3,"06075010300",1
"66",2010,3,"06075016200",2
"67",2010,2,"06075016200",1
"68",2010,2,"06075010200",2
"69",2010,2,"06075012800",3
"70",2010,2,"06075023102",7
"71",2010,2,"06075042700",1
"72",2010,2,"06075020700",2
"73",2010,2,"06075022803",2
"74",2010,2,"06075022600",1
"75",2010,2,"06075021100",1
"76",2010,2,"06075026004",1
"77",2010,2,"06075022702",1
"78",2010,2,"06075017000",1
"79",2010,2,"06075025701",3
"80",2010,2,"06075021800",2
"81",2010,2,"06075017601",1
"82",2010,2,"06075021200",1
"83",2010,2,"06075047801",1
"84",2010,2,"06075011000",1
"85",2010,2,"06075021600",1
"86",2010,2,"06075025900",1
"87",2010,2,"06075020900",2
"88",2010,2,"06075045200",1
"89",2010,2,"06075042601",1
"90",2010,2,"06075023103",18
"91",2010,2,"06075012902",1
"92",2010,2,"06075061000",1
"93",2010,2,"06075016500",1
"94",2010,2,"06075011100",1
"95",2010,2,"06075015200",1
"96",2010,2,"06075061500",1
"97",2010,2,"06075015802",1
"98",2010,1,"06075021000",7
"99",2010,1,"06075040200",1
"100",2010,1,"06075016600",1
"101",2010,1,"06075012902",1
"102",2010,1,"06075016801",1
"103",2010,1,"06075013500",1
"104",2010,1,"06075031202",2
"105",2010,1,"06075025100",1
"106",2010,1,"06075015200",1
"107",2010,1,"06075016400",1
"108",2010,1,"06075013000",1
"109",2010,1,"06075026402",2
"110",2010,1,"06075061000",1
"111",2010,1,"06075022600",1
"112",2010,1,"06075061500",1
"113",2010,1,"06075030800",1
"114",2010,1,"06075015802",1
"115",2010,1,"06075020500",1
"116",2010,1,"06075017000",1
"117",2010,1,"06075030301",1
"118",2010,1,"06075061100",1
"119",2010,1,"06075022801",1
"120",2010,1,"06075020200",1
"121",2010,1,"06075020600",1
"122",2010,1,"06075011700",1
"123",2010,1,"06075026302",1
"124",2010,1,"06075017700",1
"125",2010,1,"06075040100",1
"126",2010,1,"06075021500",1
"127",2011,4,"06075061000",1
"128",2011,4,"06075047702",1
"129",2011,4,"06075020700",2
"130",2011,4,"06075025900",1
"131",2011,4,"06075061500",2
"132",2011,4,"06075025500",2
"133",2011,4,"06075031302",1
"134",2011,4,"06075020600",5
"135",2011,4,"06075015600",1
"136",2011,4,"06075015700",1
"137",2011,4,"06075013200",2
"138",2011,4,"06075026200",2
"139",2011,4,"06075011200",1
"140",2011,4,"06075020100",1
"141",2011,4,"06075010400",1
"142",2011,4,"06075020800",1
"143",2011,4,"06075035201",1
"144",2011,4,"06075017802",1
"145",2011,4,"06075022801",1
"146",2011,4,"06075020300",1
"147",2011,4,"06075031400",2
"148",2011,4,"06075032902",1
"149",2011,4,"06075021500",1
"150",2011,4,"06075021200",1
"151",2011,4,"06075047701",1
"152",2011,4,"06075026403",1
"153",2011,4,"06075016200",1
"154",2011,4,"06075025402",1
"155",2011,4,"06075026003",1
"156",2011,4,"06075012800",1
"157",2011,4,"06075017101",1
"158",2011,4,"06075013500",1
"159",2011,3,"06075015801",1
"160",2011,3,"06075020100",2
"161",2011,3,"06075017601",2
"162",2011,3,"06075017802",1
"163",2011,3,"06075023400",1
"164",2011,3,"06075035300",1
"165",2011,3,"06075021700",1
"166",2011,3,"06075026004",1
"167",2011,3,"06075022704",2
"168",2011,3,"06075047701",1
"169",2011,3,"06075016200",1
"170",2011,3,"06075021800",1
"171",2011,3,"06075010200",1
"172",2011,3,"06075016600",1
"173",2011,3,"06075015300",1
"174",2011,3,"06075025200",2
"175",2011,3,"06075021400",1
"176",2011,3,"06075026404",1
"177",2011,3,"06075032602",1
"178",2011,3,"06075045100",1
"179",2011,3,"06075021300",2
"180",2011,3,"06075042602",1
"181",2011,3,"06075012902",1
"182",2011,3,"06075021200",2
"183",2011,3,"06075035100",1
"184",2011,3,"06075025401",1
"185",2011,3,"06075032601",1
"186",2011,3,"06075030500",1
"187",2011,3,"06075025500",1
"188",2011,3,"06075030102",1
"189",2011,3,"06075025403",1
"190",2011,3,"06075012501",1
"191",2011,3,"06075061000",2
"192",2011,2,"06075061000",1
"193",2011,2,"06075061400",1
"194",2011,2,"06075020402",1
"195",2011,2,"06075025200",1
"196",2011,2,"06075021100",1
"197",2011,2,"06075011700",1
"198",2011,2,"06075013200",1
"199",2011,2,"06075047801",1
"200",2011,2,"06075020401",1
"201",2011,2,"06075025100",1
"202",2011,2,"06075060502",1
"203",2011,2,"06075026302",1
"204",2011,2,"06075035201",1
"205",2011,2,"06075016400",2
"206",2011,2,"06075016300",1
"207",2011,2,"06075061200",1
"208",2011,2,"06075017101",1
"209",2011,2,"06075031201",1
"210",2011,2,"06075021600",1
"211",2011,2,"06075032601",1
"212",2011,2,"06075040100",1
"213",2011,2,"06075030202",1
"214",2011,2,"06075023300",1
"215",2011,2,"06075021500",1
"216",2011,2,"06075022702",1
"217",2011,2,"06075025600",2
"218",2011,2,"06075031202",1
"219",2011,2,"06075045200",1
"220",2011,2,"06075047600",1
"221",2011,2,"06075035400",2
"222",2011,2,"06075011000",1
"223",2011,2,"06075047701",1
"224",2011,2,"06075022901",1
"225",2011,2,"06075031400",1
"226",2011,2,"06075022801",1
"227",2011,2,"06075013400",1
"228",2011,2,"06075035202",1
"229",2011,1,"06075025800",4
"230",2011,1,"06075026002",1
"231",2011,1,"06075010900",1
"232",2011,1,"06075047600",1
"233",2011,1,"06075020100",1
"234",2011,1,"06075031400",2
"235",2011,1,"06075042700",1
"236",2011,1,"06075022600",1
"237",2011,1,"06075047901",1
"238",2011,1,"06075016802",1
"239",2011,1,"06075011200",1
"240",2011,1,"06075047701",2
"241",2011,1,"06075061000",3
"242",2011,1,"06075030600",1
"243",2011,1,"06075061200",1
"244",2011,1,"06075012602",1
"245",2011,1,"06075020500",1
"246",2011,1,"06075012902",1
"247",2011,1,"06075025401",1
"248",2011,1,"06075061500",1
"249",2011,1,"06075026403",1
"250",2011,1,"06075021600",1
"251",2011,1,"06075025200",2
"252",2011,1,"06075017000",1
"253",2011,1,"06075030301",2
"254",2011,1,"06075030800",1
"255",2011,1,"06075023200",1
"256",2011,1,"06075022704",2
"257",2011,1,"06075025600",1
"258",2011,1,"06075010200",2
"259",2011,1,"06075047802",1
"260",2011,1,"06075015801",1
"261",2011,1,"06075016900",1
"262",2011,1,"06075025500",1
"263",2011,1,"06075020600",1
"264",2011,1,"06075025100",1
"265",2011,1,"06075026200",1
"266",2011,1,"06075061400",1
"267",2012,4,"06075025500",1
"268",2012,4,"06075060700",2
"269",2012,4,"06075061500",3
"270",2012,4,"06075012401",2
"271",2012,4,"06075023103",2
"272",2012,4,"06075021200",1
"273",2012,4,"06075025200",1
"274",2012,4,"06075021800",1
"275",2012,4,"06075015300",1
"276",2012,4,"06075022600",1
"277",2012,4,"06075015500",1
"278",2012,4,"06075020100",2
"279",2012,4,"06075013300",1
"280",2012,4,"06075017802",2
"281",2012,4,"06075015200",1
"282",2012,4,"06075013400",1
"283",2012,4,"06075015802",1
"284",2012,4,"06075026004",1
"285",2012,4,"06075040100",2
"286",2012,4,"06075013000",1
"287",2012,4,"06075021000",1
"288",2012,4,"06075021500",1
"289",2012,4,"06075061200",1
"290",2012,4,"06075033100",1
"291",2012,4,"06075045200",1
"292",2012,4,"06075012700",1
"293",2012,4,"06075026003",1
"294",2012,4,"06075022801",1
"295",2012,4,"06075020700",1
"296",2012,4,"06075031400",1
"297",2012,4,"06075015801",1
"298",2012,4,"06075020300",2
"299",2012,4,"06075020500",1
"300",2012,4,"06075015400",1
"301",2012,4,"06075021300",1
"302",2012,4,"06075011000",1
"303",2012,3,"06075011000",1
"304",2012,3,"06075040100",1
"305",2012,3,"06075025200",1
"306",2012,3,"06075017102",1
"307",2012,3,"06075042602",1
"308",2012,3,"06075012902",1
"309",2012,3,"06075011902",1
"310",2012,3,"06075011800",1
"311",2012,3,"06075030400",1
"312",2012,3,"06075020100",1
"313",2012,3,"06075010200",4
"314",2012,3,"06075021300",1
"315",2012,3,"06075020800",1
"316",2012,3,"06075040200",1
"317",2012,3,"06075021500",1
"318",2012,3,"06075016700",1
"319",2012,3,"06075020300",1
"320",2012,3,"06075013300",1
"321",2012,3,"06075022702",1
"322",2012,3,"06075017802",1
"323",2012,2,"06075025403",1
"324",2012,2,"06075020500",2
"325",2012,2,"06075016400",1
"326",2012,2,"06075042602",1
"327",2012,2,"06075020100",1
"328",2012,2,"06075022600",1
"329",2012,2,"06075040200",1
"330",2012,2,"06075015700",1
"331",2012,2,"06075030800",1
"332",2012,2,"06075031000",1
"333",2012,2,"06075025800",1
"334",2012,2,"06075016100",1
"335",2012,2,"06075022704",1
"336",2012,2,"06075025500",1
"337",2012,2,"06075035201",1
"338",2012,2,"06075021000",1
"339",2012,2,"06075020600",1
"340",2012,2,"06075023200",1
"341",2012,2,"06075017802",1
"342",2012,2,"06075032801",1
"343",2012,2,"06075016802",1
"344",2012,2,"06075022801",1
"345",2012,2,"06075015200",1
"346",2012,2,"06075012201",1
"347",2012,2,"06075012800",1
"348",2012,2,"06075020800",1
"349",2012,2,"06075013000",1
"350",2012,2,"06075013400",1
"351",2012,2,"06075010200",1
"352",2012,2,"06075021400",1
"353",2012,2,"06075020200",1
"354",2012,1,"06075020700",1
"355",2012,1,"06075021500",2
"356",2012,1,"06075032801",1
"357",2012,1,"06075011200",2
"358",2012,1,"06075031400",7
"359",2012,1,"06075030101",1
"360",2012,1,"06075030301",1
"361",2012,1,"06075013101",1
"362",2012,1,"06075013500",1
"363",2012,1,"06075022902",1
"364",2012,1,"06075040100",1
"365",2012,1,"06075017601",1
"366",2012,1,"06075020401",2
"367",2012,1,"06075020200",2
"368",2012,1,"06075030201",1
"369",2012,1,"06075023103",12
"370",2012,1,"06075047801",1
"371",2012,1,"06075022903",1
"372",2012,1,"06075013102",1
"373",2012,1,"06075013000",2
"374",2012,1,"06075061000",1
"375",2012,1,"06075025900",1
"376",2012,1,"06075061500",1
"377",2013,4,"06075016802",1
"378",2013,4,"06075017601",3
"379",2013,4,"06075016200",1
"380",2013,4,"06075022803",2
"381",2013,4,"06075010900",1
"382",2013,4,"06075020700",1
"383",2013,4,"06075031301",1
"384",2013,4,"06075022801",1
"385",2013,4,"06075061500",1
"386",2013,4,"06075022600",1
"387",2013,4,"06075020300",2
"388",2013,4,"06075042700",1
"389",2013,4,"06075012901",1
"390",2013,4,"06075023300",1
"391",2013,4,"06075022704",1
"392",2013,4,"06075021500",1
"393",2013,4,"06075032700",1
"394",2013,4,"06075021400",2
"395",2013,4,"06075011200",1
"396",2013,4,"06075016700",1
"397",2013,4,"06075023003",1
"398",2013,4,"06075030800",1
"399",2013,4,"06075033000",1
"400",2013,4,"06075061400",1
"401",2013,4,"06075031302",1
"402",2013,4,"06075022702",1
"403",2013,4,"06075030302",1
"404",2013,4,"06075047802",2
"405",2013,4,"06075021700",1
"406",2013,4,"06075021600",1
"407",2013,4,"06075061200",1
"408",2013,4,"06075010200",1
"409",2013,4,"06075030301",1
"410",2013,4,"06075020500",1
"411",2013,4,"06075012902",1
"412",2013,4,"06075026004",1
"413",2013,4,"06075017802",1
"414",2013,4,"06075031400",1
"415",2013,3,"06075020100",4
"416",2013,3,"06075012000",1
"417",2013,3,"06075030400",1
"418",2013,3,"06075022901",1
"419",2013,3,"06075025300",1
"420",2013,3,"06075020200",1
"421",2013,3,"06075047901",1
"422",2013,3,"06075030202",3
"423",2013,3,"06075020300",1
"424",2013,3,"06075031302",1
"425",2013,3,"06075031400",2
"426",2013,3,"06075013300",1
"427",2013,3,"06075026200",1
"428",2013,3,"06075026002",2
"429",2013,3,"06075026302",1
"430",2013,3,"06075025100",1
"431",2013,3,"06075015500",1
"432",2013,3,"06075012800",1
"433",2013,3,"06075026402",1
"434",2013,3,"06075017802",1
"435",2013,3,"06075032700",1
"436",2013,3,"06075025600",1
"437",2013,3,"06075015801",1
"438",2013,3,"06075047802",1
"439",2013,3,"06075031100",2
"440",2013,3,"06075035100",2
"441",2013,3,"06075020402",1
"442",2013,3,"06075016802",2
"443",2013,3,"06075025500",1
"444",2013,3,"06075021800",1
"445",2013,3,"06075013000",1
"446",2013,3,"06075017601",1
"447",2013,3,"06075026001",2
"448",2013,3,"06075015802",1
"449",2013,3,"06075016200",1
"450",2013,3,"06075025701",1
"451",2013,3,"06075022704",1
"452",2013,3,"06075045200",1
"453",2013,3,"06075023003",1
"454",2013,3,"06075023103",1
"455",2013,3,"06075023300",1
"456",2013,3,"06075021300",1
"457",2013,3,"06075026100",1
"458",2013,3,"06075020600",1
"459",2013,3,"06075025402",1
"460",2013,3,"06075031201",1
"461",2013,2,"06075026303",1
"462",2013,2,"06075021200",2
"463",2013,2,"06075061100",1
"464",2013,2,"06075011800",1
"465",2013,2,"06075030800",1
"466",2013,2,"06075031202",2
"467",2013,2,"06075025402",1
"468",2013,2,"06075026100",1
"469",2013,2,"06075012301",1
"470",2013,2,"06075011000",1
"471",2013,2,"06075025401",1
"472",2013,2,"06075012800",1
"473",2013,2,"06075013200",1
"474",2013,2,"06075010200",1
"475",2013,2,"06075032700",2
"476",2013,2,"06075026403",1
"477",2013,2,"06075023003",2
"478",2013,2,"06075023200",1
"479",2013,2,"06075017601",2
"480",2013,2,"06075017802",3
"481",2013,2,"06075016900",2
"482",2013,2,"06075015801",1
"483",2013,2,"06075016802",2
"484",2013,2,"06075033000",1
"485",2013,2,"06075020500",1
"486",2013,2,"06075025500",1
"487",2013,2,"06075023001",2
"488",2013,2,"06075020401",1
"489",2013,2,"06075012000",2
"490",2013,2,"06075022901",1
"491",2013,2,"06075031302",1
"492",2013,2,"06075020100",1
"493",2013,2,"06075012201",1
"494",2013,2,"06075020200",1
"495",2013,2,"06075015200",1
"496",2013,2,"06075023103",1
"497",2013,2,"06075032902",2
"498",2013,2,"06075021700",1
"499",2013,2,"06075012901",1
"500",2013,1,"06075012902",3
"501",2013,1,"06075012901",1
"502",2013,1,"06075023003",1
"503",2013,1,"06075042602",2
"504",2013,1,"06075031202",1
"505",2013,1,"06075032700",1
"506",2013,1,"06075016500",1
"507",2013,1,"06075021400",1
"508",2013,1,"06075026001",1
"509",2013,1,"06075031201",4
"510",2013,1,"06075017102",2
"511",2013,1,"06075031301",1
"512",2013,1,"06075031302",1
"513",2013,1,"06075023001",1
"514",2013,1,"06075061400",1
"515",2013,1,"06075011100",1
"516",2013,1,"06075061200",1
"517",2013,1,"06075033000",2
"518",2013,1,"06075047600",1
"519",2013,1,"06075045100",1
"520",2013,1,"06075021700",2
"521",2013,1,"06075030101",1
"522",2013,1,"06075025200",2
"523",2013,1,"06075061500",1
"524",2013,1,"06075031400",1
"525",2013,1,"06075016000",1
"526",2013,1,"06075023200",1
"527",2013,1,"06075025500",1
"528",2013,1,"06075013000",1
"529",2013,1,"06075025701",2
"530",2013,1,"06075017802",1
"531",2013,1,"06075035300",1
"532",2013,1,"06075047901",2
"533",2013,1,"06075025100",1
"534",2013,1,"06075030400",1
"535",2013,1,"06075016700",1
"536",2013,1,"06075015300",1
"537",2013,1,"06075040100",1
"538",2013,1,"06075016200",1
"539",2013,1,"06075021500",2
"540",2013,1,"06075040200",1
"541",2013,1,"06075035202",1
"542",2013,1,"06075030700",1
"543",2013,1,"06075047802",1
"544",2013,1,"06075020200",1
"545",2013,1,"06075023300",1
"546",2013,1,"06075047902",1
"547",2013,1,"06075026403",1
"548",2013,1,"06075011902",1
"549",2013,1,"06075030301",3
"550",2013,1,"06075026003",1
"551",2014,4,"06075980900",1
"552",2014,4,"06075017101",1
"553",2014,4,"06075023001",1
"554",2014,4,"06075016802",1
"555",2014,4,"06075021000",2
"556",2014,4,"06075060700",3
"557",2014,4,"06075033203",4
"558",2014,4,"06075021600",2
"559",2014,4,"06075022902",1
"560",2014,4,"06075022903",1
"561",2014,4,"06075013400",1
"562",2014,4,"06075022801",1
"563",2014,4,"06075020200",1
"564",2014,4,"06075016900",2
"565",2014,4,"06075017700",1
"566",2014,4,"06075016300",1
"567",2014,4,"06075021800",2
"568",2014,4,"06075025701",2
"569",2014,4,"06075012602",1
"570",2014,4,"06075013000",1
"571",2014,4,"06075061500",2
"572",2014,4,"06075022803",1
"573",2014,4,"06075015400",1
"574",2014,4,"06075047701",1
"575",2014,4,"06075032601",1
"576",2014,4,"06075017601",2
"577",2014,4,"06075031201",1
"578",2014,4,"06075060502",1
"579",2014,4,"06075011000",3
"580",2014,4,"06075022600",1
"581",2014,4,"06075012700",1
"582",2014,4,"06075061400",1
"583",2014,4,"06075026002",2
"584",2014,4,"06075012501",1
"585",2014,4,"06075012402",1
"586",2014,4,"06075047801",1
"587",2014,4,"06075021300",1
"588",2014,4,"06075020300",2
"589",2014,4,"06075025200",1
"590",2014,4,"06075015700",1
"591",2014,4,"06075010900",1
"592",2014,4,"06075026401",1
"593",2014,4,"06075042700",1
"594",2014,3,"06075022903",1
"595",2014,3,"06075021600",6
"596",2014,3,"06075016400",1
"597",2014,3,"06075030700",3
"598",2014,3,"06075031100",1
"599",2014,3,"06075047600",1
"600",2014,3,"06075013000",1
"601",2014,3,"06075025100",2
"602",2014,3,"06075031201",2
"603",2014,3,"06075022704",1
"604",2014,3,"06075025200",1
"605",2014,3,"06075017601",1
"606",2014,3,"06075020500",2
"607",2014,3,"06075045200",1
"608",2014,3,"06075012901",2
"609",2014,3,"06075011300",1
"610",2014,3,"06075012000",1
"611",2014,3,"06075022600",1
"612",2014,3,"06075017700",1
"613",2014,3,"06075011700",1
"614",2014,3,"06075021300",2
"615",2014,3,"06075010400",1
"616",2014,3,"06075061000",4
"617",2014,3,"06075035201",1
"618",2014,3,"06075021200",1
"619",2014,3,"06075021000",1
"620",2014,3,"06075020600",1
"621",2014,3,"06075020200",1
"622",2014,3,"06075031400",1
"623",2014,3,"06075020401",1
"624",2014,3,"06075060700",2
"625",2014,3,"06075026003",1
"626",2014,3,"06075016801",1
"627",2014,3,"06075025300",1
"628",2014,3,"06075010600",1
"629",2014,3,"06075010200",1
"630",2014,3,"06075047702",1
"631",2014,3,"06075015400",1
"632",2014,3,"06075015802",1
"633",2014,3,"06075025401",1
"634",2014,2,"06075020900",1
"635",2014,2,"06075020300",1
"636",2014,2,"06075022803",1
"637",2014,2,"06075010900",1
"638",2014,2,"06075021200",1
"639",2014,2,"06075016200",1
"640",2014,2,"06075011300",1
"641",2014,2,"06075020600",3
"642",2014,2,"06075017802",2
"643",2014,2,"06075061500",1
"644",2014,2,"06075015700",2
"645",2014,2,"06075026200",1
"646",2014,2,"06075021800",1
"647",2014,2,"06075020401",1
"648",2014,2,"06075015600",2
"649",2014,2,"06075040100",1
"650",2014,2,"06075020100",1
"651",2014,2,"06075010200",2
"652",2014,2,"06075021600",1
"653",2014,2,"06075030600",1
"654",2014,2,"06075061400",1
"655",2014,2,"06075013000",1
"656",2014,2,"06075015400",1
"657",2014,2,"06075011100",1
"658",2014,2,"06075012201",1
"659",2014,2,"06075023102",1
"660",2014,2,"06075021700",1
"661",2014,2,"06075030301",1
"662",2014,2,"06075013200",1
"663",2014,2,"06075012700",1
"664",2014,2,"06075023103",14
"665",2014,2,"06075026303",1
"666",2014,2,"06075025500",1
"667",2014,2,"06075016700",1
"668",2014,2,"06075025702",1
"669",2014,2,"06075022704",1
"670",2014,2,"06075013400",1
"671",2014,2,"06075013300",1
"672",2014,2,"06075026302",1
"673",2014,2,"06075012000",1
"674",2014,2,"06075023003",6
"675",2014,1,"06075020800",1
"676",2014,1,"06075030202",1
"677",2014,1,"06075061000",5
"678",2014,1,"06075011200",3
"679",2014,1,"06075016700",1
"680",2014,1,"06075042700",3
"681",2014,1,"06075031301",1
"682",2014,1,"06075016802",1
"683",2014,1,"06075012800",1
"684",2014,1,"06075026004",1
"685",2014,1,"06075020401",1
"686",2014,1,"06075016300",1
"687",2014,1,"06075030301",1
"688",2014,1,"06075017700",1
"689",2014,1,"06075025401",1
"690",2014,1,"06075026002",1
"691",2014,1,"06075025100",1
"692",2014,1,"06075023001",1
"693",2014,1,"06075031302",1
"694",2014,1,"06075023103",2
"695",2014,1,"06075023003",1
"696",2014,1,"06075026401",1
"697",2014,1,"06075016900",1
"698",2014,1,"06075047701",2
"699",2014,1,"06075018000",1
"700",2014,1,"06075023400",1
"701",2014,1,"06075017601",1
"702",2014,1,"06075023200",1
"703",2014,1,"06075012901",1
"704",2014,1,"06075017102",2
"705",2014,1,"06075022803",1
"706",2014,1,"06075015801",1
"707",2014,1,"06075061500",1
"708",2014,1,"06075022901",1
"709",2014,1,"06075031400",1
"710",2014,1,"06075026001",1
"711",2014,1,"06075013000",1
"712",2015,4,"06075016200",1
"713",2015,4,"06075022901",1
"714",2015,4,"06075047701",1
"715",2015,4,"06075035300",2
"716",2015,4,"06075033000",2
"717",2015,4,"06075061500",4
"718",2015,4,"06075040200",1
"719",2015,4,"06075017601",2
"720",2015,4,"06075033203",13
"721",2015,4,"06075016900",1
"722",2015,4,"06075017101",1
"723",2015,4,"06075013300",1
"724",2015,4,"06075025300",2
"725",2015,4,"06075040100",2
"726",2015,4,"06075047902",2
"727",2015,4,"06075026003",1
"728",2015,4,"06075013200",2
"729",2015,4,"06075045100",1
"730",2015,4,"06075980900",1
"731",2015,4,"06075060700",3
"732",2015,4,"06075061200",1
"733",2015,4,"06075980600",2
"734",2015,4,"06075031201",1
"735",2015,4,"06075016300",1
"736",2015,4,"06075012800",1
"737",2015,4,"06075020800",1
"738",2015,4,"06075042601",1
"739",2015,4,"06075031100",1
"740",2015,4,"06075021200",1
"741",2015,4,"06075017000",1
"742",2015,4,"06075013400",2
"743",2015,4,"06075015400",1
"744",2015,4,"06075023200",2
"745",2015,4,"06075021800",1
"746",2015,4,"06075026100",1
"747",2015,4,"06075022902",1
"748",2015,4,"06075031400",4
"749",2015,4,"06075026200",1
"750",2015,4,"06075030201",1
"751",2015,4,"06075035100",4
"752",2015,4,"06075025702",2
"753",2015,4,"06075020900",1
"754",2015,4,"06075026303",1
"755",2015,4,"06075010100",1
"756",2015,4,"06075045200",1
"757",2015,4,"06075021100",1
"758",2015,4,"06075030400",1
"759",2015,4,"06075021600",1
"760",2015,4,"06075022704",1
"761",2015,4,"06075020402",1
"762",2015,4,"06075022801",1
"763",2015,4,"06075030302",1
"764",2015,4,"06075012602",1
"765",2015,4,"06075025402",1
"766",2015,4,"06075015300",1
"767",2015,4,"06075031301",1
"768",2015,4,"06075026001",1
"769",2015,4,"06075025401",1
"770",2015,4,"06075017802",1
"771",2015,4,"06075047801",1
"772",2015,4,"06075011100",1
"773",2015,4,"06075031302",1
"774",2015,4,"06075016500",1
"775",2015,4,"06075015801",1
"776",2015,4,"06075010500",1
"777",2015,4,"06075032902",1
"778",2015,4,"06075021500",1
"779",2015,4,"06075012000",1
"780",2015,3,"06075021500",4
"781",2015,3,"06075030900",1
"782",2015,3,"06075016200",1
"783",2015,3,"06075035400",2
"784",2015,3,"06075033203",8
"785",2015,3,"06075026002",2
"786",2015,3,"06075022803",2
"787",2015,3,"06075026003",1
"788",2015,3,"06075032601",2
"789",2015,3,"06075025701",1
"790",2015,3,"06075031302",2
"791",2015,3,"06075031201",2
"792",2015,3,"06075010800",1
"793",2015,3,"06075020900",1
"794",2015,3,"06075031100",3
"795",2015,3,"06075021600",1
"796",2015,3,"06075020401",1
"797",2015,3,"06075032901",1
"798",2015,3,"06075016600",2
"799",2015,3,"06075026402",1
"800",2015,3,"06075047701",1
"801",2015,3,"06075061200",1
"802",2015,3,"06075025900",2
"803",2015,3,"06075017000",1
"804",2015,3,"06075031400",3
"805",2015,3,"06075026303",1
"806",2015,3,"06075032801",1
"807",2015,3,"06075023400",1
"808",2015,3,"06075021100",3
"809",2015,3,"06075011100",1
"810",2015,3,"06075017802",2
"811",2015,3,"06075021800",2
"812",2015,3,"06075012000",1
"813",2015,3,"06075012501",1
"814",2015,3,"06075016400",1
"815",2015,3,"06075017601",2
"816",2015,3,"06075030800",1
"817",2015,3,"06075015802",1
"818",2015,3,"06075020600",1
"819",2015,3,"06075030301",1
"820",2015,3,"06075021400",1
"821",2015,3,"06075025200",1
"822",2015,3,"06075031301",2
"823",2015,3,"06075025500",1
"824",2015,3,"06075026100",1
"825",2015,3,"06075023001",1
"826",2015,3,"06075035100",1
"827",2015,3,"06075042602",2
"828",2015,3,"06075015500",1
"829",2015,3,"06075023102",2
"830",2015,3,"06075016801",1
"831",2015,3,"06075035300",1
"832",2015,3,"06075025300",1
"833",2015,3,"06075032602",1
"834",2015,2,"06075047701",2
"835",2015,2,"06075031100",2
"836",2015,2,"06075980501",1
"837",2015,2,"06075021400",2
"838",2015,2,"06075032802",1
"839",2015,2,"06075042601",1
"840",2015,2,"06075012302",1
"841",2015,2,"06075061500",2
"842",2015,2,"06075012301",1
"843",2015,2,"06075026302",2
"844",2015,2,"06075012201",1
"845",2015,2,"06075012601",1
"846",2015,2,"06075016000",1
"847",2015,2,"06075020800",2
"848",2015,2,"06075030101",2
"849",2015,2,"06075022802",2
"850",2015,2,"06075026003",3
"851",2015,2,"06075033203",7
"852",2015,2,"06075021000",1
"853",2015,2,"06075022702",1
"854",2015,2,"06075017101",1
"855",2015,2,"06075021200",1
"856",2015,2,"06075022901",1
"857",2015,2,"06075045200",1
"858",2015,2,"06075040100",1
"859",2015,2,"06075031400",5
"860",2015,2,"06075021100",2
"861",2015,2,"06075022600",1
"862",2015,2,"06075045100",1
"863",2015,2,"06075021600",1
"864",2015,2,"06075017802",1
"865",2015,2,"06075020900",1
"866",2015,2,"06075021700",1
"867",2015,2,"06075026402",1
"868",2015,2,"06075015400",2
"869",2015,2,"06075015802",1
"870",2015,2,"06075016900",2
"871",2015,2,"06075061200",2
"872",2015,2,"06075032700",1
"873",2015,2,"06075016801",1
"874",2015,2,"06075016300",1
"875",2015,2,"06075015500",2
"876",2015,2,"06075011000",1
"877",2015,2,"06075015700",2
"878",2015,2,"06075012602",1
"879",2015,2,"06075026200",2
"880",2015,2,"06075022704",1
"881",2015,2,"06075020402",1
"882",2015,2,"06075012402",1
"883",2015,2,"06075035202",1
"884",2015,2,"06075032801",1
"885",2015,2,"06075026002",1
"886",2015,2,"06075023300",1
"887",2015,2,"06075017000",2
"888",2015,2,"06075031201",1
"889",2015,2,"06075021300",1
"890",2015,2,"06075060400",1
"891",2015,2,"06075012700",1
"892",2015,2,"06075042700",1
"893",2015,2,"06075042800",1
"894",2015,2,"06075030202",1
"895",2015,2,"06075020700",1
"896",2015,2,"06075012800",1
"897",2015,2,"06075032601",1
"898",2015,1,"06075026402",2
"899",2015,1,"06075040100",2
"900",2015,1,"06075047901",1
"901",2015,1,"06075033100",1
"902",2015,1,"06075016300",2
"903",2015,1,"06075013500",1
"904",2015,1,"06075061500",2
"905",2015,1,"06075042700",1
"906",2015,1,"06075030400",1
"907",2015,1,"06075030101",1
"908",2015,1,"06075023300",1
"909",2015,1,"06075017802",1
"910",2015,1,"06075020600",2
"911",2015,1,"06075032901",1
"912",2015,1,"06075026303",1
"913",2015,1,"06075025100",1
"914",2015,1,"06075031202",1
"915",2015,1,"06075033203",8
"916",2015,1,"06075022903",1
"917",2015,1,"06075026200",1
"918",2015,1,"06075031400",3
"919",2015,1,"06075026100",2
"920",2015,1,"06075047802",1
"921",2015,1,"06075013200",1
"922",2015,1,"06075021100",2
"923",2015,1,"06075031000",1
"924",2015,1,"06075022801",1
"925",2015,1,"06075042800",1
"926",2015,1,"06075017601",1
"927",2015,1,"06075022803",1
"928",2015,1,"06075010500",1
"929",2015,1,"06075022802",1
"930",2015,1,"06075047701",2
"931",2015,1,"06075017700",1
"932",2015,1,"06075061200",2
"933",2015,1,"06075012602",2
"934",2015,1,"06075012501",1
"935",2015,1,"06075022704",1
"936",2015,1,"06075030301",1
"937",2015,1,"06075020200",2
"938",2015,1,"06075012700",1
"939",2015,1,"06075016200",1
"940",2015,1,"06075016900",1
"941",2015,1,"06075020100",1
"942",2015,1,"06075025403",1
"943",2015,1,"06075060502",1
"944",2015,1,"06075020800",1
"945",2015,1,"06075017801",1
"946",2015,1,"06075032902",1
"947",2015,1,"06075045100",1
"948",2015,1,"06075021600",1
"949",2015,1,"06075033000",1
"950",2016,4,"06075033203",18
"951",2016,4,"06075016801",2
"952",2016,4,"06075980600",3
"953",2016,4,"06075023103",1
"954",2016,4,"06075035202",3
"955",2016,4,"06075025200",2
"956",2016,4,"06075042602",2
"957",2016,4,"06075012000",1
"958",2016,4,"06075031400",13
"959",2016,4,"06075015300",1
"960",2016,4,"06075021300",3
"961",2016,4,"06075026200",1
"962",2016,4,"06075015400",1
"963",2016,4,"06075032901",1
"964",2016,4,"06075026403",2
"965",2016,4,"06075061500",5
"966",2016,4,"06075060700",5
"967",2016,4,"06075017700",1
"968",2016,4,"06075035100",1
"969",2016,4,"06075016600",1
"970",2016,4,"06075011800",1
"971",2016,4,"06075033100",4
"972",2016,4,"06075015600",1
"973",2016,4,"06075023200",1
"974",2016,4,"06075025900",1
"975",2016,4,"06075021400",1
"976",2016,4,"06075022704",1
"977",2016,4,"06075031100",1
"978",2016,4,"06075015700",1
"979",2016,4,"06075030202",1
"980",2016,4,"06075026401",1
"981",2016,4,"06075021800",1
"982",2016,4,"06075016200",2
"983",2016,4,"06075020402",1
"984",2016,4,"06075015801",2
"985",2016,4,"06075025300",2
"986",2016,4,"06075026302",1
"987",2016,4,"06075020401",2
"988",2016,4,"06075047701",2
"989",2016,4,"06075032602",1
"990",2016,4,"06075013500",2
"991",2016,4,"06075023300",1
"992",2016,4,"06075031302",1
"993",2016,4,"06075031301",2
"994",2016,4,"06075026001",1
"995",2016,4,"06075012301",1
"996",2016,4,"06075026402",1
"997",2016,4,"06075020800",1
"998",2016,4,"06075017802",3
"999",2016,4,"06075026004",1
"1000",2016,4,"06075021500",3
"1001",2016,4,"06075010200",1
"1002",2016,4,"06075012800",2
"1003",2016,4,"06075047600",1
"1004",2016,4,"06075040200",1
"1005",2016,4,"06075025100",3
"1006",2016,4,"06075032802",1
"1007",2016,4,"06075030400",1
"1008",2016,4,"06075026301",1
"1009",2016,4,"06075061000",1
"1010",2016,4,"06075021100",1
"1011",2016,4,"06075025403",1
"1012",2016,4,"06075020900",1
"1013",2016,4,"06075017601",1
"1014",2016,4,"06075025401",1
"1015",2016,4,"06075021600",1
"1016",2016,3,"06075012402",1
"1017",2016,3,"06075015100",1
"1018",2016,3,"06075015802",3
"1019",2016,3,"06075023003",1
"1020",2016,3,"06075033203",7
"1021",2016,3,"06075022803",1
"1022",2016,3,"06075980600",3
"1023",2016,3,"06075015700",2
"1024",2016,3,"06075022704",1
"1025",2016,3,"06075021600",2
"1026",2016,3,"06075016700",2
"1027",2016,3,"06075026404",1
"1028",2016,3,"06075031201",2
"1029",2016,3,"06075012100",2
"1030",2016,3,"06075032700",1
"1031",2016,3,"06075016802",2
"1032",2016,3,"06075045200",1
"1033",2016,3,"06075018000",1
"1034",2016,3,"06075020900",1
"1035",2016,3,"06075026402",1
"1036",2016,3,"06075025701",2
"1037",2016,3,"06075017101",1
"1038",2016,3,"06075030202",1
"1039",2016,3,"06075042602",1
"1040",2016,3,"06075026302",1
"1041",2016,3,"06075012700",1
"1042",2016,3,"06075025702",1
"1043",2016,3,"06075026301",1
"1044",2016,3,"06075016900",1
"1045",2016,3,"06075025900",1
"1046",2016,3,"06075061500",5
"1047",2016,3,"06075011700",1
"1048",2016,3,"06075042601",1
"1049",2016,3,"06075032602",1
"1050",2016,3,"06075061400",2
"1051",2016,3,"06075021500",3
"1052",2016,3,"06075026200",1
"1053",2016,3,"06075016100",1
"1054",2016,3,"06075015500",1
"1055",2016,3,"06075017802",2
"1056",2016,3,"06075021700",1
"1057",2016,3,"06075013300",1
"1058",2016,3,"06075012202",2
"1059",2016,3,"06075022902",1
"1060",2016,3,"06075025600",1
"1061",2016,3,"06075012902",1
"1062",2016,3,"06075020200",1
"1063",2016,3,"06075030800",1
"1064",2016,3,"06075016200",1
"1065",2016,3,"06075023300",1
"1066",2016,3,"06075023001",1
"1067",2016,3,"06075010800",1
"1068",2016,3,"06075035201",1
"1069",2016,3,"06075022802",1
"1070",2016,3,"06075047701",1
"1071",2016,3,"06075013200",1
"1072",2016,3,"06075020600",1
"1073",2016,3,"06075031302",1
"1074",2016,2,"06075016700",1
"1075",2016,2,"06075023200",1
"1076",2016,2,"06075023001",1
"1077",2016,2,"06075026003",2
"1078",2016,2,"06075017802",1
"1079",2016,2,"06075011300",1
"1080",2016,2,"06075032801",2
"1081",2016,2,"06075026200",1
"1082",2016,2,"06075030600",2
"1083",2016,2,"06075022801",2
"1084",2016,2,"06075026402",1
"1085",2016,2,"06075047801",1
"1086",2016,2,"06075012402",1
"1087",2016,2,"06075033203",11
"1088",2016,2,"06075980600",1
"1089",2016,2,"06075016801",4
"1090",2016,2,"06075030301",3
"1091",2016,2,"06075017000",1
"1092",2016,2,"06075026001",1
"1093",2016,2,"06075031201",1
"1094",2016,2,"06075021600",3
"1095",2016,2,"06075015400",1
"1096",2016,2,"06075013400",1
"1097",2016,2,"06075011100",2
"1098",2016,2,"06075012601",1
"1099",2016,2,"06075013101",1
"1100",2016,2,"06075042700",2
"1101",2016,2,"06075020500",1
"1102",2016,2,"06075025701",1
"1103",2016,2,"06075017601",4
"1104",2016,2,"06075031400",5
"1105",2016,2,"06075025500",1
"1106",2016,2,"06075023300",1
"1107",2016,2,"06075026002",3
"1108",2016,2,"06075025600",1
"1109",2016,2,"06075026303",1
"1110",2016,2,"06075025100",1
"1111",2016,2,"06075013300",1
"1112",2016,2,"06075060502",1
"1113",2016,2,"06075017102",1
"1114",2016,2,"06075030900",1
"1115",2016,2,"06075030500",1
"1116",2016,2,"06075047902",1
"1117",2016,2,"06075015600",1
"1118",2016,2,"06075026004",1
"1119",2016,2,"06075021100",1
"1120",2016,2,"06075032802",1
"1121",2016,2,"06075017101",1
"1122",2016,2,"06075047901",1
"1123",2016,2,"06075045100",2
"1124",2016,2,"06075026301",1
"1125",2016,2,"06075032901",2
"1126",2016,2,"06075021200",1
"1127",2016,2,"06075022704",1
"1128",2016,2,"06075025300",1
"1129",2016,2,"06075061200",1
"1130",2016,2,"06075031100",1
"1131",2016,1,"06075042602",1
"1132",2016,1,"06075042700",2
"1133",2016,1,"06075026004",2
"1134",2016,1,"06075033203",10
"1135",2016,1,"06075020200",2
"1136",2016,1,"06075010700",1
"1137",2016,1,"06075025702",1
"1138",2016,1,"06075025701",1
"1139",2016,1,"06075035300",3
"1140",2016,1,"06075025403",4
"1141",2016,1,"06075021000",2
"1142",2016,1,"06075010200",1
"1143",2016,1,"06075021800",1
"1144",2016,1,"06075061500",2
"1145",2016,1,"06075017101",1
"1146",2016,1,"06075022801",1
"1147",2016,1,"06075026003",1
"1148",2016,1,"06075021500",1
"1149",2016,1,"06075040100",1
"1150",2016,1,"06075017102",2
"1151",2016,1,"06075035100",1
"1152",2016,1,"06075026301",1
"1153",2016,1,"06075032901",1
"1154",2016,1,"06075025500",3
"1155",2016,1,"06075025600",1
"1156",2016,1,"06075025401",1
"1157",2016,1,"06075026001",2
"1158",2016,1,"06075031201",1
"1159",2016,1,"06075016200",2
"1160",2016,1,"06075030202",2
"1161",2016,1,"06075015700",1
"1162",2016,1,"06075032700",1
"1163",2016,1,"06075030700",1
"1164",2016,1,"06075021600",1
"1165",2016,1,"06075017700",1
"1166",2016,1,"06075042601",1
"1167",2016,1,"06075016300",1
"1168",2016,1,"06075011200",1
"1169",2016,1,"06075022600",1
"1170",2016,1,"06075017802",1
"1171",2016,1,"06075020700",1
"1172",2016,1,"06075042800",1
"1173",2016,1,"06075023200",1
"1174",2016,1,"06075026404",1
"1175",2016,1,"06075025900",1
"1176",2016,1,"06075012700",1
"1177",2016,1,"06075012902",1
"1178",2016,1,"06075021100",1
"1179",2016,1,"06075022702",1
"1180",2016,1,"06075020900",1
"1181",2016,1,"06075030101",1
"1182",2016,1,"06075025300",1
"1183",2016,1,"06075023001",1
"1184",2016,1,"06075032801",1
"1185",2016,1,"06075980600",2
"1186",2016,1,"06075021200",1
"1187",2016,1,"06075032902",1
"1188",2016,1,"06075035400",1
"1189",2016,1,"06075030302",1
"1190",2016,1,"06075047702",1
"1191",2016,1,"06075047701",2
"1192",2016,1,"06075031100",1
"1193",2016,1,"06075061200",1
"1194",2016,1,"06075045100",1
"1195",2016,1,"06075060700",1
"1196",2016,1,"06075022803",1
"1197",2016,1,"06075022704",1
"1198",2017,4,"06075021200",1
"1199",2017,4,"06075025500",3
"1200",2017,4,"06075015300",1
"1201",2017,4,"06075025401",1
"1202",2017,4,"06075047600",1
"1203",2017,4,"06075042700",1
"1204",2017,4,"06075011000",4
"1205",2017,4,"06075042601",1
"1206",2017,4,"06075061200",1
"1207",2017,4,"06075035400",1
"1208",2017,4,"06075060700",1
"1209",2017,4,"06075016000",1
"1210",2017,4,"06075017700",1
"1211",2017,4,"06075011100",1
"1212",2017,4,"06075016802",1
"1213",2017,4,"06075010800",1
"1214",2017,4,"06075017802",3
"1215",2017,4,"06075022903",1
"1216",2017,4,"06075023103",1
"1217",2017,4,"06075015400",2
"1218",2017,4,"06075020800",1
"1219",2017,4,"06075032601",1
"1220",2017,4,"06075025702",1
"1221",2017,4,"06075040100",1
"1222",2017,4,"06075022801",1
"1223",2017,4,"06075016300",2
"1224",2017,4,"06075025100",1
"1225",2017,4,"06075022600",2
"1226",2017,4,"06075030201",2
"1227",2017,4,"06075061500",1
"1228",2017,4,"06075026301",1
"1229",2017,4,"06075030900",1
"1230",2017,4,"06075017101",1
"1231",2017,4,"06075023200",1
"1232",2017,4,"06075031000",2
"1233",2017,4,"06075030700",1
"1234",2017,4,"06075035300",1
"1235",2017,4,"06075026002",1
"1236",2017,4,"06075033000",1
"1237",2017,4,"06075023400",3
"1238",2017,4,"06075017000",3
"1239",2017,4,"06075022803",1
"1240",2017,4,"06075042602",1
"1241",2017,4,"06075031302",1
"1242",2017,4,"06075015700",1
"1243",2017,4,"06075010700",1
"1244",2017,4,"06075017102",1
"1245",2017,4,"06075025300",1
"1246",2017,4,"06075023003",1
"1247",2017,4,"06075026100",1
"1248",2017,4,"06075017601",1
"1249",2017,4,"06075026001",1
"1250",2017,4,"06075020401",1
"1251",2017,4,"06075020700",1
"1252",2017,4,"06075020600",1
"1253",2017,4,"06075020900",1
"1254",2017,4,"06075030800",1
"1255",2017,4,"06075032902",1
"1256",2017,3,"06075022903",3
"1257",2017,3,"06075011200",1
"1258",2017,3,"06075042700",3
"1259",2017,3,"06075035202",1
"1260",2017,3,"06075022600",3
"1261",2017,3,"06075023103",1
"1262",2017,3,"06075980600",4
"1263",2017,3,"06075031302",1
"1264",2017,3,"06075031202",1
"1265",2017,3,"06075032901",2
"1266",2017,3,"06075042602",1
"1267",2017,3,"06075032602",2
"1268",2017,3,"06075025100",1
"1269",2017,3,"06075020800",2
"1270",2017,3,"06075015500",1
"1271",2017,3,"06075026004",1
"1272",2017,3,"06075025701",1
"1273",2017,3,"06075030101",1
"1274",2017,3,"06075022702",2
"1275",2017,3,"06075047801",1
"1276",2017,3,"06075025600",1
"1277",2017,3,"06075017802",2
"1278",2017,3,"06075017101",1
"1279",2017,3,"06075025300",1
"1280",2017,3,"06075022704",1
"1281",2017,3,"06075033203",7
"1282",2017,3,"06075026403",1
"1283",2017,3,"06075026402",1
"1284",2017,3,"06075025900",1
"1285",2017,3,"06075016500",2
"1286",2017,3,"06075032801",1
"1287",2017,3,"06075030500",1
"1288",2017,3,"06075033000",1
"1289",2017,3,"06075016200",1
"1290",2017,3,"06075035300",1
"1291",2017,3,"06075017601",1
"1292",2017,3,"06075021800",2
"1293",2017,3,"06075016900",2
"1294",2017,3,"06075010600",1
"1295",2017,3,"06075016600",1
"1296",2017,3,"06075013000",1
"1297",2017,3,"06075021200",3
"1298",2017,3,"06075010100",1
"1299",2017,3,"06075025702",1
"1300",2017,3,"06075035201",1
"1301",2017,3,"06075012800",1
"1302",2017,3,"06075031400",2
"1303",2017,3,"06075016700",1
"1304",2017,3,"06075020200",1
"1305",2017,3,"06075022901",1
"1306",2017,3,"06075033100",1
"1307",2017,3,"06075021700",1
"1308",2017,3,"06075047802",3
"1309",2017,3,"06075020500",1
"1310",2017,3,"06075047701",1
"1311",2017,3,"06075010200",1
"1312",2017,3,"06075021100",1
"1313",2017,3,"06075047901",1
"1314",2017,3,"06075026001",1
"1315",2017,2,"06075025900",2
"1316",2017,2,"06075031400",1
"1317",2017,2,"06075033203",13
"1318",2017,2,"06075026301",2
"1319",2017,2,"06075060700",2
"1320",2017,2,"06075023103",6
"1321",2017,2,"06075026401",3
"1322",2017,2,"06075025600",4
"1323",2017,2,"06075021100",1
"1324",2017,2,"06075016400",1
"1325",2017,2,"06075016802",2
"1326",2017,2,"06075020500",2
"1327",2017,2,"06075012902",1
"1328",2017,2,"06075032602",1
"1329",2017,2,"06075030102",1
"1330",2017,2,"06075026303",1
"1331",2017,2,"06075021600",1
"1332",2017,2,"06075021400",1
"1333",2017,2,"06075047801",1
"1334",2017,2,"06075061200",2
"1335",2017,2,"06075025300",1
"1336",2017,2,"06075021700",1
"1337",2017,2,"06075025403",1
"1338",2017,2,"06075016801",1
"1339",2017,2,"06075020900",3
"1340",2017,2,"06075026100",2
"1341",2017,2,"06075061400",1
"1342",2017,2,"06075025100",1
"1343",2017,2,"06075017802",2
"1344",2017,2,"06075030301",1
"1345",2017,2,"06075047901",1
"1346",2017,2,"06075035400",1
"1347",2017,2,"06075017601",1
"1348",2017,2,"06075012800",2
"1349",2017,2,"06075020100",1
"1350",2017,2,"06075023001",2
"1351",2017,2,"06075016600",1
"1352",2017,2,"06075023102",1
"1353",2017,2,"06075030900",1
"1354",2017,2,"06075031100",1
"1355",2017,2,"06075031000",1
"1356",2017,2,"06075023400",1
"1357",2017,2,"06075032901",1
"1358",2017,2,"06075980600",4
"1359",2017,2,"06075018000",1
"1360",2017,2,"06075047600",2
"1361",2017,2,"06075012402",1
"1362",2017,2,"06075026200",2
"1363",2017,2,"06075025702",1
"1364",2017,2,"06075061500",1
"1365",2017,2,"06075012202",1
"1366",2017,2,"06075042602",1
"1367",2017,2,"06075017700",1
"1368",2017,2,"06075015500",1
"1369",2017,2,"06075020200",1
"1370",2017,2,"06075047701",1
"1371",2017,2,"06075023300",3
"1372",2017,2,"06075042601",1
"1373",2017,2,"06075031302",2
"1374",2017,2,"06075020800",1
"1375",2017,2,"06075022901",1
"1376",2017,2,"06075021000",1
"1377",2017,2,"06075035202",1
"1378",2017,2,"06075012601",1
"1379",2017,2,"06075010300",1
"1380",2017,2,"06075017101",1
"1381",2017,2,"06075020402",1
"1382",2017,2,"06075015100",1
"1383",2017,2,"06075016300",1
"1384",2017,1,"06075026100",2
"1385",2017,1,"06075031100",2
"1386",2017,1,"06075033203",9
"1387",2017,1,"06075012602",1
"1388",2017,1,"06075030101",1
"1389",2017,1,"06075025701",1
"1390",2017,1,"06075020700",1
"1391",2017,1,"06075021600",3
"1392",2017,1,"06075012902",1
"1393",2017,1,"06075017700",3
"1394",2017,1,"06075026200",1
"1395",2017,1,"06075010800",2
"1396",2017,1,"06075012201",1
"1397",2017,1,"06075025401",1
"1398",2017,1,"06075026004",1
"1399",2017,1,"06075017000",4
"1400",2017,1,"06075012202",1
"1401",2017,1,"06075022704",2
"1402",2017,1,"06075015802",3
"1403",2017,1,"06075026303",1
"1404",2017,1,"06075022801",1
"1405",2017,1,"06075020500",1
"1406",2017,1,"06075016801",2
"1407",2017,1,"06075035202",1
"1408",2017,1,"06075020402",1
"1409",2017,1,"06075980600",1
"1410",2017,1,"06075015500",1
"1411",2017,1,"06075010300",1
"1412",2017,1,"06075018000",1
"1413",2017,1,"06075013200",1
"1414",2017,1,"06075032601",2
"1415",2017,1,"06075026003",2
"1416",2017,1,"06075025500",1
"1417",2017,1,"06075020401",3
"1418",2017,1,"06075025600",1
"1419",2017,1,"06075025300",2
"1420",2017,1,"06075021500",2
"1421",2017,1,"06075023001",1
"1422",2017,1,"06075047600",1
"1423",2017,1,"06075040200",2
"1424",2017,1,"06075030301",1
"1425",2017,1,"06075022702",1
"1426",2017,1,"06075026402",1
"1427",2017,1,"06075030400",1
"1428",2017,1,"06075021200",2
"1429",2017,1,"06075015801",1
"1430",2017,1,"06075031301",2
"1431",2017,1,"06075061200",1
"1432",2017,1,"06075061400",1
"1433",2017,1,"06075022903",1
"1434",2017,1,"06075021100",1
"1435",2017,1,"06075047902",1
"1436",2017,1,"06075031302",1
"1437",2017,1,"06075031201",1
"1438",2017,1,"06075025900",1
"1439",2017,1,"06075021000",2
"1440",2017,1,"06075025702",5
"1441",2017,1,"06075035201",1
"1442",2017,1,"06075021700",1
"1443",2017,1,"06075030201",1
"1444",2018,4,"06075015500",1
"1445",2018,4,"06075016900",1
"1446",2018,4,"06075031201",3
"1447",2018,4,"06075015400",1
"1448",2018,4,"06075012901",4
"1449",2018,4,"06075035300",1
"1450",2018,4,"06075010700",1
"1451",2018,4,"06075016000",1
"1452",2018,4,"06075032602",2
"1453",2018,4,"06075020800",1
"1454",2018,4,"06075020700",2
"1455",2018,4,"06075061500",5
"1456",2018,4,"06075020200",1
"1457",2018,4,"06075013000",1
"1458",2018,4,"06075017802",4
"1459",2018,4,"06075030800",1
"1460",2018,4,"06075061200",2
"1461",2018,4,"06075020600",1
"1462",2018,4,"06075060700",5
"1463",2018,4,"06075015700",2
"1464",2018,4,"06075012902",1
"1465",2018,4,"06075031301",2
"1466",2018,4,"06075045100",1
"1467",2018,4,"06075018000",1
"1468",2018,4,"06075017102",1
"1469",2018,4,"06075032901",2
"1470",2018,4,"06075017601",2
"1471",2018,4,"06075016700",1
"1472",2018,4,"06075025600",1
"1473",2018,4,"06075020500",1
"1474",2018,4,"06075016600",2
"1475",2018,4,"06075025300",1
"1476",2018,4,"06075031100",1
"1477",2018,4,"06075047600",1
"1478",2018,4,"06075021100",1
"1479",2018,4,"06075023400",2
"1480",2018,4,"06075047701",2
"1481",2018,4,"06075017000",1
"1482",2018,4,"06075013102",1
"1483",2018,4,"06075030102",1
"1484",2018,4,"06075060400",1
"1485",2018,4,"06075035100",1
"1486",2018,4,"06075980600",8
"1487",2018,4,"06075026100",1
"1488",2018,4,"06075035400",1
"1489",2018,4,"06075020100",2
"1490",2018,4,"06075012602",1
"1491",2018,4,"06075021600",1
"1492",2018,4,"06075021400",1
"1493",2018,4,"06075012000",1
"1494",2018,4,"06075061100",1
"1495",2018,4,"06075021500",1
"1496",2018,4,"06075013101",1
"1497",2018,4,"06075013400",1
"1498",2018,4,"06075016500",1
"1499",2018,4,"06075010400",1
"1500",2018,4,"06075026401",1
"1501",2018,4,"06075012402",1
"1502",2018,4,"06075021700",1
"1503",2018,4,"06075017801",2
"1504",2018,4,"06075010900",1
"1505",2018,4,"06075022903",1
"1506",2018,4,"06075022801",1
"1507",2018,4,"06075047901",1
"1508",2018,3,"06075030102",2
"1509",2018,3,"06075012402",1
"1510",2018,3,"06075030301",2
"1511",2018,3,"06075025402",4
"1512",2018,3,"06075047600",1
"1513",2018,3,"06075031100",2
"1514",2018,3,"06075016700",1
"1515",2018,3,"06075026100",1
"1516",2018,3,"06075022803",1
"1517",2018,3,"06075016400",3
"1518",2018,3,"06075020200",3
"1519",2018,3,"06075040200",2
"1520",2018,3,"06075061400",1
"1521",2018,3,"06075013400",2
"1522",2018,3,"06075031302",2
"1523",2018,3,"06075017102",3
"1524",2018,3,"06075015400",3
"1525",2018,3,"06075016600",1
"1526",2018,3,"06075061500",1
"1527",2018,3,"06075022901",1
"1528",2018,3,"06075045200",1
"1529",2018,3,"06075020100",1
"1530",2018,3,"06075016200",1
"1531",2018,3,"06075032801",2
"1532",2018,3,"06075032901",1
"1533",2018,3,"06075020600",2
"1534",2018,3,"06075022802",1
"1535",2018,3,"06075030302",1
"1536",2018,3,"06075047902",2
"1537",2018,3,"06075035400",1
"1538",2018,3,"06075012700",1
"1539",2018,3,"06075011000",1
"1540",2018,3,"06075030900",1
"1541",2018,3,"06075980501",1
"1542",2018,3,"06075025701",2
"1543",2018,3,"06075042602",1
"1544",2018,3,"06075020800",1
"1545",2018,3,"06075015600",4
"1546",2018,3,"06075031201",1
"1547",2018,3,"06075017700",1
"1548",2018,3,"06075035300",2
"1549",2018,3,"06075061200",1
"1550",2018,3,"06075032602",1
"1551",2018,3,"06075022704",2
"1552",2018,3,"06075012800",2
"1553",2018,3,"06075013101",1
"1554",2018,3,"06075040100",1
"1555",2018,3,"06075013500",1
"1556",2018,3,"06075022600",1
"1557",2018,3,"06075021200",1
"1558",2018,3,"06075012901",2
"1559",2018,3,"06075021100",1
"1560",2018,3,"06075025900",1
"1561",2018,3,"06075012000",1
"1562",2018,3,"06075013200",1
"1563",2018,3,"06075010500",1
"1564",2018,3,"06075030400",1
"1565",2018,3,"06075025500",1
"1566",2018,3,"06075011200",1
"1567",2018,3,"06075025200",2
"1568",2018,3,"06075030700",1
"1569",2018,3,"06075031400",1
"1570",2018,3,"06075061000",1
"1571",2018,3,"06075015802",1
"1572",2018,2,"06075010200",1
"1573",2018,2,"06075025403",3
"1574",2018,2,"06075035400",1
"1575",2018,2,"06075015200",1
"1576",2018,2,"06075047701",2
"1577",2018,2,"06075025402",1
"1578",2018,2,"06075025500",1
"1579",2018,2,"06075042602",1
"1580",2018,2,"06075016300",3
"1581",2018,2,"06075012902",2
"1582",2018,2,"06075015802",1
"1583",2018,2,"06075032801",1
"1584",2018,2,"06075035201",1
"1585",2018,2,"06075017601",1
"1586",2018,2,"06075025702",1
"1587",2018,2,"06075026001",1
"1588",2018,2,"06075061500",3
"1589",2018,2,"06075010800",2
"1590",2018,2,"06075021700",1
"1591",2018,2,"06075016200",1
"1592",2018,2,"06075012602",1
"1593",2018,2,"06075030800",2
"1594",2018,2,"06075033100",2
"1595",2018,2,"06075033000",1
"1596",2018,2,"06075020200",2
"1597",2018,2,"06075012901",1
"1598",2018,2,"06075042800",1
"1599",2018,2,"06075030301",1
"1600",2018,2,"06075010300",4
"1601",2018,2,"06075021100",1
"1602",2018,2,"06075031400",2
"1603",2018,2,"06075012601",1
"1604",2018,2,"06075020700",1
"1605",2018,2,"06075020900",1
"1606",2018,2,"06075022600",1
"1607",2018,2,"06075011200",1
"1608",2018,2,"06075021200",2
"1609",2018,2,"06075031100",1
"1610",2018,2,"06075042601",1
"1611",2018,2,"06075021600",2
"1612",2018,2,"06075026404",1
"1613",2018,2,"06075030900",1
"1614",2018,2,"06075032601",1
"1615",2018,2,"06075022901",1
"1616",2018,2,"06075025701",1
"1617",2018,2,"06075020600",1
"1618",2018,2,"06075021800",2
"1619",2018,2,"06075021500",1
"1620",2018,2,"06075035202",1
"1621",2018,2,"06075021300",1
"1622",2018,2,"06075031202",2
"1623",2018,2,"06075022801",1
"1624",2018,2,"06075020100",1
"1625",2018,2,"06075022903",1
"1626",2018,2,"06075013300",1
"1627",2018,2,"06075015400",1
"1628",2018,2,"06075047902",1
"1629",2018,2,"06075012800",1
"1630",2018,2,"06075047901",1
"1631",2018,1,"06075042700",3
"1632",2018,1,"06075020800",1
"1633",2018,1,"06075045200",1
"1634",2018,1,"06075021700",4
"1635",2018,1,"06075023200",1
"1636",2018,1,"06075010400",1
"1637",2018,1,"06075016300",2
"1638",2018,1,"06075030101",2
"1639",2018,1,"06075025200",1
"1640",2018,1,"06075012100",2
"1641",2018,1,"06075030302",1
"1642",2018,1,"06075010900",1
"1643",2018,1,"06075012602",1
"1644",2018,1,"06075035201",1
"1645",2018,1,"06075061400",5
"1646",2018,1,"06075030800",2
"1647",2018,1,"06075021000",3
"1648",2018,1,"06075017000",1
"1649",2018,1,"06075021100",2
"1650",2018,1,"06075010800",1
"1651",2018,1,"06075013300",1
"1652",2018,1,"06075030500",2
"1653",2018,1,"06075011000",1
"1654",2018,1,"06075025500",1
"1655",2018,1,"06075017601",2
"1656",2018,1,"06075020700",1
"1657",2018,1,"06075042601",1
"1658",2018,1,"06075030301",1
"1659",2018,1,"06075025702",1
"1660",2018,1,"06075047801",2
"1661",2018,1,"06075012902",2
"1662",2018,1,"06075011100",1
"1663",2018,1,"06075032801",1
"1664",2018,1,"06075012800",1
"1665",2018,1,"06075016900",2
"1666",2018,1,"06075022901",2
"1667",2018,1,"06075021500",2
"1668",2018,1,"06075020300",1
"1669",2018,1,"06075047701",2
"1670",2018,1,"06075031202",1
"1671",2018,1,"06075022702",1
"1672",2018,1,"06075025600",1
"1673",2018,1,"06075020200",1
"1674",2018,1,"06075031201",1
"1675",2018,1,"06075010300",1
"1676",2018,1,"06075011901",1
"1677",2018,1,"06075031100",1
